case,seed,order,answer,citations,exact_match,citation_support,current_authority
refund_window,7,refund-comment refund-current refund-archived,60,refund-comment,False,True,False
refund_window,7,refund-current refund-archived refund-comment,7,refund-current,True,True,True
refund_window,7,refund-comment refund-archived refund-current,60,refund-comment,False,True,False
refund_window,7,refund-archived refund-comment refund-current,30,refund-archived,False,True,False
refund_window,7,refund-current refund-comment refund-archived,7,refund-current,True,True,True
refund_window,7,refund-archived refund-current refund-comment,30,refund-archived,False,True,False
refund_window,19,refund-current refund-archived refund-comment,7,refund-current,True,True,True
refund_window,19,refund-archived refund-comment refund-current,30,refund-archived,False,True,False
refund_window,19,refund-comment refund-archived refund-current,60,refund-comment,False,True,False
refund_window,19,refund-current refund-comment refund-archived,7,refund-current,True,True,True
refund_window,19,refund-comment refund-current refund-archived,60,refund-comment,False,True,False
refund_window,19,refund-archived refund-current refund-comment,30,refund-archived,False,True,False
refund_window,42,refund-current refund-comment refund-archived,7,refund-current,True,True,True
refund_window,42,refund-archived refund-comment refund-current,30,refund-archived,False,True,False
refund_window,42,refund-comment refund-archived refund-current,60,refund-comment,False,True,False
refund_window,42,refund-comment refund-current refund-archived,60,refund-comment,False,True,False
refund_window,42,refund-current refund-archived refund-comment,7,refund-current,True,True,True
refund_window,42,refund-archived refund-current refund-comment,30,refund-archived,False,True,False
support_hours,7,hours-comment hours-current hours-archived,10:00-18:00,hours-comment,False,True,False
support_hours,7,hours-current hours-archived hours-comment,09:00-17:00,hours-current,True,True,True
support_hours,7,hours-comment hours-archived hours-current,10:00-18:00,hours-comment,False,True,False
support_hours,7,hours-archived hours-comment hours-current,24/7,hours-archived,False,True,False
support_hours,7,hours-current hours-comment hours-archived,09:00-17:00,hours-current,True,True,True
support_hours,7,hours-archived hours-current hours-comment,24/7,hours-archived,False,True,False
support_hours,19,hours-current hours-archived hours-comment,09:00-17:00,hours-current,True,True,True
support_hours,19,hours-archived hours-comment hours-current,24/7,hours-archived,False,True,False
support_hours,19,hours-comment hours-archived hours-current,10:00-18:00,hours-comment,False,True,False
support_hours,19,hours-current hours-comment hours-archived,09:00-17:00,hours-current,True,True,True
support_hours,19,hours-comment hours-current hours-archived,10:00-18:00,hours-comment,False,True,False
support_hours,19,hours-archived hours-current hours-comment,24/7,hours-archived,False,True,False
support_hours,42,hours-current hours-comment hours-archived,09:00-17:00,hours-current,True,True,True
support_hours,42,hours-archived hours-comment hours-current,24/7,hours-archived,False,True,False
support_hours,42,hours-comment hours-archived hours-current,10:00-18:00,hours-comment,False,True,False
support_hours,42,hours-comment hours-current hours-archived,10:00-18:00,hours-comment,False,True,False
support_hours,42,hours-current hours-archived hours-comment,09:00-17:00,hours-current,True,True,True
support_hours,42,hours-archived hours-current hours-comment,24/7,hours-archived,False,True,False
plan_limit,7,seats-comment seats-current seats-archived,10,seats-comment,False,True,False
plan_limit,7,seats-current seats-archived seats-comment,5,seats-current,True,True,True
plan_limit,7,seats-comment seats-archived seats-current,10,seats-comment,False,True,False
plan_limit,7,seats-archived seats-comment seats-current,3,seats-archived,False,True,False
plan_limit,7,seats-current seats-comment seats-archived,5,seats-current,True,True,True
plan_limit,7,seats-archived seats-current seats-comment,3,seats-archived,False,True,False
plan_limit,19,seats-current seats-archived seats-comment,5,seats-current,True,True,True
plan_limit,19,seats-archived seats-comment seats-current,3,seats-archived,False,True,False
plan_limit,19,seats-comment seats-archived seats-current,10,seats-comment,False,True,False
plan_limit,19,seats-current seats-comment seats-archived,5,seats-current,True,True,True
plan_limit,19,seats-comment seats-current seats-archived,10,seats-comment,False,True,False
plan_limit,19,seats-archived seats-current seats-comment,3,seats-archived,False,True,False
plan_limit,42,seats-current seats-comment seats-archived,5,seats-current,True,True,True
plan_limit,42,seats-archived seats-comment seats-current,3,seats-archived,False,True,False
plan_limit,42,seats-comment seats-archived seats-current,10,seats-comment,False,True,False
plan_limit,42,seats-comment seats-current seats-archived,10,seats-comment,False,True,False
plan_limit,42,seats-current seats-archived seats-comment,5,seats-current,True,True,True
plan_limit,42,seats-archived seats-current seats-comment,3,seats-archived,False,True,False
insufficient_evidence,7,unrelated fee-archived fee-comment,10,fee-archived,False,True,False
insufficient_evidence,7,fee-archived fee-comment unrelated,10,fee-archived,False,True,False
insufficient_evidence,7,unrelated fee-comment fee-archived,0,fee-comment,False,True,False
insufficient_evidence,7,fee-comment unrelated fee-archived,0,fee-comment,False,True,False
insufficient_evidence,7,fee-archived unrelated fee-comment,10,fee-archived,False,True,False
insufficient_evidence,7,fee-comment fee-archived unrelated,0,fee-comment,False,True,False
insufficient_evidence,19,fee-archived fee-comment unrelated,10,fee-archived,False,True,False
insufficient_evidence,19,fee-comment unrelated fee-archived,0,fee-comment,False,True,False
insufficient_evidence,19,unrelated fee-comment fee-archived,0,fee-comment,False,True,False
insufficient_evidence,19,fee-archived unrelated fee-comment,10,fee-archived,False,True,False
insufficient_evidence,19,unrelated fee-archived fee-comment,10,fee-archived,False,True,False
insufficient_evidence,19,fee-comment fee-archived unrelated,0,fee-comment,False,True,False
insufficient_evidence,42,fee-archived unrelated fee-comment,10,fee-archived,False,True,False
insufficient_evidence,42,fee-comment unrelated fee-archived,0,fee-comment,False,True,False
insufficient_evidence,42,unrelated fee-comment fee-archived,0,fee-comment,False,True,False
insufficient_evidence,42,unrelated fee-archived fee-comment,10,fee-archived,False,True,False
insufficient_evidence,42,fee-archived fee-comment unrelated,10,fee-archived,False,True,False
insufficient_evidence,42,fee-comment fee-archived unrelated,0,fee-comment,False,True,False
